Timestamp,Date,Day,Current Value,Changes in â‚¹,Changes in %
04/01/2022 20:57:10,01/01/2022,Saturday,16237.25,0,0
04/01/2022 21:01:22,02/01/2022,Sunday,16237.25,0,0
04/01/2022 21:05:50,03/01/2022,Monday,16474.4,237.16,1.46
05/01/2022 06:43:53,04/01/2022,Tuesday,16563.52,89.12,0.54
06/01/2022 08:39:32,05/01/2022,Wednesday,16691.8,128.29,0.77
07/01/2022 07:35:30,06/01/2022,Thursday,16632.83,-58.98,-0.35
08/01/2022 08:15:35,07/01/2022,Friday,16702.49,69.67,0.42
09/01/2022 10:51:18,08/01/2022,Saturday,16702.49,0,0
10/01/2022 08:48:49,09/01/2022,Sunday,16702.49,0,0
11/01/2022 08:20:43,10/01/2022,Monday,16809.2,106.7,0.64
13/01/2022 13:17:14,11/01/2022,Tuesday,16847.38,38.18,0.23
13/01/2022 13:18:11,12/01/2022,Wednesday,16873.56,26.18,0.16
14/01/2022 08:11:52,13/01/2022,Thursday,16927.34,53.78,0.32
15/01/2022 12:48:28,14/01/2022,Friday,17030.78,103.44,0.61
16/01/2022 08:14:07,15/01/2022,Saturday,17030.78,0,0
17/01/2022 08:01:26,16/01/2022,Sunday,17030.78,0,0
18/01/2022 08:11:20,17/01/2022,Monday,17086.13,55.35,0.32
19/01/2022 07:40:59,18/01/2022,Tuesday,16804.21,-281.92,-1.65
20/01/2022 16:41:09,19/01/2022,Wednesday,16660.13,-144.08,-0.86
21/01/2022 17:02:55,20/01/2022,Thursday,16582.22,-77.9,-0.47
22/01/2022 08:55:44,21/01/2022,Friday,16311.21,-271.01,-1.63
23/01/2022 14:28:09,22/01/2022,Saturday,16311.21,0,0
24/01/2022 08:01:23,23/01/2022,Sunday,16311.21,0,0
25/01/2022 07:45:32,24/01/2022,Monday,15655.31,-655.9,-4.02
26/01/2022 08:27:06,25/01/2022,Tuesday,16831.91,176.5,1.06
27/01/2022 08:14:19,26/01/2022,Wednesday,16831.91,0,0
28/01/2022 08:39:58,27/01/2022,Thursday,16644.88,-187.04,-1.11
29/01/2022 07:49:36,28/01/2022,Friday,16711.87,66.99,0.4
30/01/2022 08:14:02,29/01/2022,Saturday,16711.87,0,0
31/01/2022 08:03:02,30/01/2022,Sunday,16711.87,0,0
01/02/2022 08:11:52,31/01/2022,Monday,16932.01,220.14,1.32
02/02/2022 08:04:19,01/02/2022,Tuesday,17204.97,272.96,1.61
03/02/2022 08:04:31,02/02/2022,Wednesday,17456.58,251.61,1.46
04/02/2022 08:03:34,03/02/2022,Thursday,17333.1,-123.48,-0.71
05/02/2022 09:51:41,04/02/2022,Friday,17336.29,3.19,0.02
06/02/2022 20:57:02,05/02/2022,Saturday,17336.29,0,0
06/02/2022 20:58:41,06/02/2022,Sunday,17336.29,0,0
08/02/2022 08:07:59,07/02/2022,Monday,17089.84,-246.45,-1.42
10/02/2022 07:15:32,08/02/2022,Tuesday,16990.24,-99.6,-0.58
10/02/2022 07:18:13,09/02/2022,Wednesday,17193.85,203.61,1.2
11/02/2022 07:55:59,10/02/2022,Thursday,17280.68,86.83,0.5
13/02/2022 07:01:19,11/02/2022,Friday,16993.08,-287.6,-1.66
13/02/2022 07:02:46,12/02/2022,Saturday,16993.08,0,0
14/02/2022 18:45:58,13/02/2022,Sunday,16993.08,0,0
15/02/2022 08:02:04,14/02/2022,Monday,16365.17,-627.91,-3.7
16/02/2022 16:12:23,15/02/2022,Tuesday,17317.88,452.64,2.77
17/02/2022 08:10:42,16/02/2022,Wednesday,17786.06,-31.81,-0.18
18/02/2022 09:27:24,17/02/2022,Thursday,17715.16,-70.9,-0.4
19/02/2022 07:55:21,18/02/2022,Friday,17580.15,-135.01,-0.76
19/02/2022 17:07:39,19/02/2022,Saturday,17580.15,0,0
19/02/2022 17:09:37,20/02/2022,Sunday,17580.15,0,0
22/02/2022 08:00:25,21/02/2022,Monday,17352.22,-227.93,-1.3
23/02/2022 08:39:37,22/02/2022,Tuesday,17189.5,-162.72,-0.94
24/02/2022 07:55:28,23/02/2022,Wednesday,17249.21,59.71,0.35
25/02/2022 08:12:57,24/02/2022,Thursday,16322.63,-926.59,-5.37
26/02/2022 08:32:51,25/02/2022,Friday,17454.16,631.64,3.75
27/02/2022 16:43:09,26/02/2022,Saturday,17454.16,0,0
27/02/2022 16:44:02,27/02/2022,Sunday,17454.16,0,0
01/03/2022 13:32:06,28/02/2022,Monday,18165.9,193.84,1.08
01/03/2022 21:02:06,01/03/2022,Tuesday,18165.9,0,0
03/03/2022 19:16:34,02/03/2022,Wednesday,18056.37,-109.37,-0.6
04/03/2022 07:37:30,03/03/2022,Thursday,18012.17,-44.36,-0.25
05/03/2022 08:12:47,04/03/2022,Friday,17630.95,-381.22,-2.12
06/03/2022 18:39:34,05/03/2022,Saturday,17630.95,0,0
06/03/2022 18:39:59,06/03/2022,Sunday,17630.95,0,0
08/03/2022 17:01:45,07/03/2022,Monday,17196.3,-434.64,-2.47
09/03/2022 18:32:14,08/03/2022,Tuesday,17416.54,220.24,1.28
10/03/2022 12:38:14,09/03/2022,Wednesday,18791.35,374.77,2.04
11/03/2022 11:25:32,10/03/2022,Thursday,19059.96,268.61,1.43
12/03/2022 09:51:51,11/03/2022,Friday,19106.35,46.39,0.24
13/03/2022 14:11:08,12/03/2022,Saturday,19106.35,0,0
13/03/2022 14:11:38,13/03/2022,Sunday,19106.35,0,0
15/03/2022 19:07:24,14/03/2022,Monday,19208.06,101.71,0.53
16/03/2022 15:10:03,15/03/2022,Tuesday,19062.02,-146.04,-0.76
17/03/2022 07:54:50,16/03/2022,Wednesday,19399.12,337.1,1.77
18/03/2022 09:09:57,17/03/2022,Thursday,19730.65,331.53,1.71
19/03/2022 08:59:43,18/03/2022,Friday,19730.65,0,0
20/03/2022 09:10:57,19/03/2022,Saturday,19730.65,0,0
21/03/2022 14:17:10,20/03/2022,Sunday,19730.65,0,0
22/03/2022 14:53:09,21/03/2022,Monday,19609.7,-120.95,-0.61
23/03/2022 13:41:12,22/03/2022,Tuesday,19732.45,122.76,0.63
24/03/2022 13:39:25,23/03/2022,Wednesday,19697.37,-35.08,-0.18
25/03/2022 15:33:45,24/03/2022,Thursday,19849.25,151.88,0.77
26/03/2022 09:02:54,25/03/2022,Friday,19824.27,-24.98,-0.13
27/03/2022 09:21:21,26/03/2022,Saturday,19824.27,0,0
28/03/2022 09:53:11,27/03/2022,Sunday,19824.27,0,0
29/03/2022 15:57:52,28/03/2022,Monday,19849.09,24.82,0.13
30/03/2022 11:11:10,29/03/2022,Tuesday,20056.78,207.69,1.05
31/03/2022 08:13:49,30/03/2022,Wednesday,20257.85,201.06,1
01/04/2022 08:09:16,31/03/2022,Thursday,20274.06,16.21,0.08
02/04/2022 09:32:32,01/04/2022,Friday,20533.12,259.06,1.28
03/04/2022 08:30:02,02/04/2022,Saturday,20533.12,0,0
04/04/2022 16:56:11,03/04/2022,Sunday,20533.12,0,0
05/04/2022 09:15:54,04/04/2022,Monday,20860.78,327.65,1.6
06/04/2022 09:38:45,05/04/2022,Tuesday,20888.28,27.5,0.13
07/04/2022 18:47:09,06/04/2022,Wednesday,20852.52,-35.76,-0.17
08/04/2022 08:05:32,07/04/2022,Thursday,20714.81,-137.71,-0.66
09/04/2022 08:48:19,08/04/2022,Friday,21009.22,294.41,1.42
09/04/2022 08:49:14,09/04/2022,Saturday,21009.22,0,0
09/04/2022 08:49:55,10/04/2022,Sunday,21009.22,0,0
12/04/2022 16:19:43,11/04/2022,Monday,21042.88,33.66,0.16
14/04/2022 11:24:01,12/04/2022,Tuesday,20771.22,-271.66,-1.29
14/04/2022 11:24:57,13/04/2022,Wednesday,20781.6,10.38,0.05
17/04/2022 16:29:22,14/04/2022,Thursday,20781.6,0,0
17/04/2022 16:29:38,15/04/2022,Friday,20781.6,0,0
17/04/2022 16:29:53,16/04/2022,Saturday,20781.6,0,0
17/04/2022 16:30:08,17/04/2022,Sunday,20781.6,0,0
19/04/2022 18:02:36,18/04/2022,Monday,20585.57,-196.03,-0.94
20/04/2022 08:08:34,19/04/2022,Tuesday,20295.84,-289.73,-1.41
21/04/2022 10:27:54,20/04/2022,Wednesday,20358.48,62.63,0.31
22/04/2022 10:22:20,21/04/2022,Thursday,20664.84,306.36,1.5
23/04/2022 08:27:23,22/04/2022,Friday,20460.92,-203.92,-0.99
23/04/2022 12:39:03,23/04/2022,Saturday,20460.92,0,0
23/04/2022 12:39:24,24/04/2022,Sunday,20460.92,0,0
26/04/2022 08:28:25,25/04/2022,Monday,20093.25,-367.67,-1.8
27/04/2022 06:58:50,26/04/2022,Tuesday,20473.48,380.23,1.89
28/04/2022 16:10:50,27/04/2022,Wednesday,21258.22,-233.78,-1.09
29/04/2022 07:53:13,28/04/2022,Thursday,21391.54,133.32,0.63
30/04/2022 21:29:05,29/04/2022,Friday,21204.98,-186.56,-0.87
30/04/2022 21:47:46,30/04/2022,Saturday,21204.98,0,0
02/05/2022 17:42:50,01/05/2022,Sunday,21204.98,0,0
03/05/2022 09:39:21,02/05/2022,Monday,21178.6,-26.39,-0.12
05/05/2022 18:36:02,03/05/2022,Tuesday,21178.6,0,0
05/05/2022 18:37:14,04/05/2022,Wednesday,20509.68,-668.91,-3.16
06/05/2022 12:10:45,05/05/2022,Thursday,20578.84,69.16,0.34
07/05/2022 08:58:29,06/05/2022,Friday,20109.93,-468.91,-2.28
08/05/2022 09:56:41,07/05/2022,Saturday,20109.93,0,0
09/05/2022 18:15:08,08/05/2022,Sunday,20109.93,0,0
10/05/2022 17:22:16,09/05/2022,Monday,19828.57,-281.36,-1.4
11/05/2022 08:30:19,10/05/2022,Tuesday,19473.74,-354.82,-1.79
12/05/2022 08:11:33,11/05/2022,Wednesday,19175.4,-298.34,-1.53
13/05/2022 16:59:53,12/05/2022,Thursday,18764.78,-410.62,-2.14
14/05/2022 14:27:30,13/05/2022,Friday,18759.98,-4.8,-0.03
15/05/2022 08:25:19,14/05/2022,Saturday,18759.98,0,0
16/05/2022 15:54:17,15/05/2022,Sunday,18759.98,0,0
17/05/2022 16:32:06,16/05/2022,Monday,19027.59,267.61,1.43
18/05/2022 14:25:26,17/05/2022,Tuesday,19618.39,590.8,3.1
19/05/2022 08:31:31,18/05/2022,Wednesday,19637.15,18.75,0.1
20/05/2022 12:35:14,19/05/2022,Thursday,19147.77,-489.38,-2.49
21/05/2022 09:39:43,20/05/2022,Friday,19611.76,463.99,2.42
22/05/2022 08:52:07,21/05/2022,Saturday,19611.76,0,0
22/05/2022 08:52:33,22/05/2022,Sunday,19611.76,0,0
24/05/2022 08:22:27,23/05/2022,Monday,19492.63,-119.13,-0.61
25/05/2022 08:48:33,24/05/2022,Tuesday,19320.4,-172.23,-0.88
26/05/2022 08:49:55,25/05/2022,Wednesday,18999.37,-321.04,-1.66
27/05/2022 09:07:24,26/05/2022,Thursday,20209.29,226.29,1.05
28/05/2022 09:18:37,27/05/2022,Friday,20430.83,221.54,1.1
28/05/2022 09:20:24,28/05/2022,Saturday,20430.83,0,0
28/05/2022 09:20:44,29/05/2022,Sunday,20430.83,0,0
31/05/2022 09:12:41,30/05/2022,Monday,20838.39,407.56,1.99
01/06/2022 08:53:17,31/05/2022,Tuesday,20930.99,92.61,0.44
02/06/2022 10:05:25,01/06/2022,Wednesday,20883.28,-47.72,-0.23
03/06/2022 09:11:29,02/06/2022,Thursday,20991.24,107.97,0.52
04/06/2022 09:26:37,03/06/2022,Friday,20768.72,-222.52,-1.06
04/06/2022 09:27:04,04/06/2022,Saturday,20768.72,0,0
04/06/2022 09:27:23,05/06/2022,Sunday,20768.72,0,0
07/06/2022 15:56:14,06/06/2022,Monday,20672.77,-95.95,-0.46
08/06/2022 14:44:30,07/06/2022,Tuesday,20486.95,-185.82,-0.9
09/06/2022 07:18:35,08/06/2022,Wednesday,20468.83,-18.12,-0.09
10/06/2022 08:02:51,09/06/2022,Thursday,20570.38,101.55,0.5
11/06/2022 07:29:43,10/06/2022,Friday,20328.15,-242.23,-1.18
11/06/2022 07:30:14,11/06/2022,Saturday,20328.15,0,0
11/06/2022 07:30:34,12/06/2022,Sunday,20328.15,0,0
14/06/2022 06:42:12,13/06/2022,Monday,19701.49,-626.66,-3.08
15/06/2022 09:59:21,14/06/2022,Tuesday,19733.27,31.78,0.16
16/06/2022 06:46:58,15/06/2022,Wednesday,19799.85,66.58,0.34
17/06/2022 09:43:31,16/06/2022,Thursday,19318.61,-481.24,-2.43
18/06/2022 08:34:20,17/06/2022,Friday,19143.43,-175.18,-0.91
18/06/2022 08:40:12,18/06/2022,Saturday,19143.43,0,0
18/06/2022 08:40:32,19/06/2022,Sunday,19143.43,0,0
21/06/2022 07:22:06,20/06/2022,Monday,18976.98,-166.45,-0.87
22/06/2022 09:12:05,21/06/2022,Tuesday,19440.59,463.6,2.44
23/06/2022 09:53:04,22/06/2022,Wednesday,19122.45,-318.14,-1.64
24/06/2022 09:51:27,23/06/2022,Thursday,19339.15,216.7,1.13
25/06/2022 08:13:37,24/06/2022,Friday,19618.43,279.28,1.44
25/06/2022 17:24:42,25/06/2022,Saturday,20618.36,0,0
25/06/2022 17:25:18,26/06/2022,Sunday,20618.36,0,0
28/06/2022 07:47:47,27/06/2022,Monday,20803.47,185.11,0.9
29/06/2022 08:26:05,28/06/2022,Tuesday,20856.11,52.65,0.25
30/06/2022 08:27:17,29/06/2022,Wednesday,20753.7,-102.41,-0.49
01/07/2022 10:41:56,30/06/2022,Thursday,20623.9,-129.8,-0.63
02/07/2022 09:12:46,01/07/2022,Friday,20711.55,87.65,0.42
02/07/2022 09:13:43,02/07/2022,Saturday,20711.55,0,0
02/07/2022 09:14:09,03/07/2022,Sunday,20711.55,0,0
05/07/2022 09:05:14,04/07/2022,Monday,20871.24,159.69,0.77
06/07/2022 09:53:40,05/07/2022,Tuesday,20852.81,-18.42,-0.09
07/07/2022 12:53:04,06/07/2022,Wednesday,21146.56,293.74,1.41
08/07/2022 10:36:55,07/07/2022,Thursday,21355.45,208.89,0.99
09/07/2022 11:29:30,08/07/2022,Friday,21457.47,102.02,0.48
09/07/2022 11:30:01,09/07/2022,Saturday,21457.47,0,0
09/07/2022 11:30:24,10/07/2022,Sunday,21457.47,0,0
12/07/2022 10:23:29,11/07/2022,Monday,21578.72,121.25,0.57
13/07/2022 16:20:54,12/07/2022,Tuesday,21412.06,-166.65,-0.77
14/07/2022 16:16:35,13/07/2022,Wednesday,21400.24,-11.82,-0.06
15/07/2022 16:45:27,14/07/2022,Thursday,21357,-43.03,-0.2
16/07/2022 17:42:43,15/07/2022,Friday,21511.34,154.13,0.72
16/07/2022 18:45:17,16/07/2022,Saturday,21511.34,0,0
16/07/2022 18:45:38,17/07/2022,Sunday,21511.34,0,0
19/07/2022 16:55:34,18/07/2022,Monday,21852.55,341.21,1.59
20/07/2022 09:03:12,19/07/2022,Tuesday,21947.96,95.41,0.44
21/07/2022 09:09:08,20/07/2022,Wednesday,22040.29,92.33,0.42
22/07/2022 14:14:03,21/07/2022,Thursday,22295.71,255.42,1.16
23/07/2022 15:57:34,22/07/2022,Friday,22347.81,52.1,0.23
23/07/2022 15:58:51,23/07/2022,Saturday,22347.81,0,0
23/07/2022 15:59:05,24/07/2022,Sunday,22347.81,0,0
27/07/2022 10:03:03,25/07/2022,Monday,23316.48,-31.33,-0.3
27/07/2022 10:03:55,26/07/2022,Tuesday,23133.5,-182.98,-0.78
28/07/2022 14:00:33,27/07/2022,Wednesday,23383.87,250.38,1.08
29/07/2022 09:36:31,28/07/2022,Thursday,23757.5,373.97,1.6
30/07/2022 09:21:47,29/07/2022,Friday,24025.11,267.27,1.12
30/07/2022 09:22:18,30/07/2022,Saturday,24025.11,0,0
30/07/2022 09:22:45,31/07/2022,Sunday,24025.11,0,0
02/08/2022 09:35:23,01/08/2022,Monday,24349.28,324.17,1.35
03/08/2022 12:48:43,02/08/2022,Tuesday,24407.89,58.61,0.24
04/08/2022 15:53:29,03/08/2022,Wednesday,24358.83,-49.06,-0.2
05/08/2022 16:06:43,04/08/2022,Thursday,24351.61,-7.22,-0.03
07/08/2022 10:55:37,05/08/2022,Friday,24480.25,128.64,0.53
07/08/2022 10:56:11,06/08/2022,Saturday,24480.25,0,0
07/08/2022 10:56:27,07/08/2022,Sunday,24480.25,0,0
09/08/2022 10:18:44,08/08/2022,Monday,24653.29,173.04,0.71
09/08/2022 10:19:09,09/08/2022,Tuesday,24653.29,0,0
11/08/2022 12:41:16,10/08/2022,Wednesday,24560.14,-93.15,-0.38
12/08/2022 17:08:59,11/08/2022,Thursday,24765.22,205.08,0.84
13/08/2022 14:09:27,12/08/2022,Friday,24826.29,61.07,0.25
13/08/2022 14:10:38,13/08/2022,Saturday,24826.29,0,0
13/08/2022 14:11:01,14/08/2022,Sunday,24826.29,0,0
13/08/2022 14:11:22,15/08/2022,Monday,24826.29,0,0
17/08/2022 16:20:17,16/08/2022,Tuesday,25022.6,196.3,0.79
18/08/2022 06:34:31,17/08/2022,Wednesday,25221.71,199.12,0.8
19/08/2022 19:28:05,18/08/2022,Thursday,25302.3,80.59,0.32
21/08/2022 16:53:43,19/08/2022,Friday,25139.96,-162.35,-0.64
21/08/2022 16:54:06,20/08/2022,Saturday,25139.96,0,0
21/08/2022 16:54:23,21/08/2022,Sunday,25139.96,0,0
23/08/2022 16:31:03,22/08/2022,Monday,24669.01,-470.95,-1.87
24/08/2022 10:57:29,23/08/2022,Tuesday,24814.85,145.84,0.59
25/08/2022 07:58:59,24/08/2022,Wednesday,24984.51,169.66,0.68
26/08/2022 13:50:45,25/08/2022,Thursday,25882.24,-106.2,-0.41
27/08/2022 08:58:48,26/08/2022,Friday,26056.27,174.04,0.67
27/08/2022 08:59:33,27/08/2022,Saturday,26056.27,0,0
27/08/2022 08:59:49,28/08/2022,Sunday,26056.27,0,0
31/08/2022 12:14:13,29/08/2022,Monday,25815.17,-241.1,-0.92
31/08/2022 12:15:13,30/08/2022,Tuesday,26367.57,552.4,2.14
01/09/2022 18:38:50,31/08/2022,Wednesday,26367.57,0,0
04/09/2022 02:24:17,01/09/2022,Thursday,26318.97,-48.6,-0.18
04/09/2022 02:26:12,02/09/2022,Friday,26492.45,173.48,0.66
04/09/2022 02:27:31,03/09/2022,Saturday,26492.45,0,0
04/09/2022 02:27:55,04/09/2022,Sunday,26492.45,0,0
06/09/2022 12:35:53,05/09/2022,Monday,26657.9,165.44,0.62
07/09/2022 09:33:12,06/09/2022,Tuesday,26622.26,-35.64,-0.13
08/09/2022 07:31:51,07/09/2022,Wednesday,26740.63,118.37,0.44
09/09/2022 08:42:33,08/09/2022,Thursday,26969.93,229.29,0.86
10/09/2022 10:01:50,09/09/2022,Friday,26996.39,26.47,0.1
10/09/2022 10:02:15,10/09/2022,Saturday,26996.39,0,0
10/09/2022 10:02:39,11/09/2022,Sunday,26996.39,0,0
13/09/2022 10:05:41,12/09/2022,Monday,27180.11,183.72,0.68
14/09/2022 08:23:53,13/09/2022,Tuesday,27351.01,170.9,0.63
15/09/2022 09:41:09,14/09/2022,Wednesday,27495.68,144.67,0.53
16/09/2022 08:22:34,15/09/2022,Thursday,27539.62,43.94,0.16
17/09/2022 10:29:50,16/09/2022,Friday,26817.28,-722.34,-2.62
17/09/2022 10:30:25,17/09/2022,Saturday,26817.28,0,0
17/09/2022 10:30:42,18/09/2022,Sunday,26817.28,0,0
20/09/2022 07:33:07,19/09/2022,Monday,27087.16,269.88,1.01
21/09/2022 16:22:48,20/09/2022,Tuesday,27368.82,281.66,1.04
22/09/2022 10:00:19,21/09/2022,Wednesday,27114.42,-254.4,-0.93
23/09/2022 16:44:44,22/09/2022,Thursday,27130.26,15.84,0.06
24/09/2022 09:58:44,23/09/2022,Friday,26652.58,-477.68,-1.76
24/09/2022 09:58:57,24/09/2022,Saturday,26652.58,0,0
24/09/2022 09:59:21,25/09/2022,Sunday,26652.58,0,0
27/09/2022 09:51:20,26/09/2022,Monday,25928.19,-724.39,-2.72
28/09/2022 16:12:47,27/09/2022,Tuesday,26906.06,-22.81,-0.08
29/09/2022 13:13:50,28/09/2022,Wednesday,26667.92,-238.14,-0.89
30/09/2022 09:55:53,29/09/2022,Thursday,26667.02,-0.9,0
01/10/2022 12:57:43,30/09/2022,Friday,27040.05,373.03,1.4
01/10/2022 12:58:01,01/10/2022,Saturday,27040.05,0,0
01/10/2022 12:58:13,02/10/2022,Sunday,27040.05,0,0
04/10/2022 07:28:30,03/10/2022,Monday,26621.49,-418.56,-1.55
05/10/2022 08:24:37,04/10/2022,Tuesday,27241.79,620.29,2.33
05/10/2022 18:46:32,05/10/2022,Wednesday,27241.79,0,0
07/10/2022 08:06:31,06/10/2022,Thursday,27402.65,160.87,0.59
08/10/2022 21:22:10,07/10/2022,Friday,27392.6,-10.05,-0.04
08/10/2022 21:22:32,08/10/2022,Saturday,27392.6,0,0
08/10/2022 21:22:46,09/10/2022,Sunday,27392.6,0,0
11/10/2022 09:47:43,10/10/2022,Monday,27211.89,-180.71,-0.66
12/10/2022 19:47:13,11/10/2022,Tuesday,26736.66,-475.23,-1.75
13/10/2022 16:33:52,12/10/2022,Wednesday,26962.74,226.08,0.85
14/10/2022 15:49:33,13/10/2022,Thursday,26728.31,-234.44,-0.87
15/10/2022 15:10:56,14/10/2022,Friday,26858.21,129.9,0.49
15/10/2022 15:11:21,15/10/2022,Saturday,26858.21,0,0
15/10/2022 15:11:38,16/10/2022,Sunday,26858.21,0,0
18/10/2022 11:05:53,17/10/2022,Monday,27082.62,224.42,0.84
19/10/2022 07:58:36,18/10/2022,Tuesday,27312.63,230.01,0.85
20/10/2022 16:47:15,19/10/2022,Wednesday,27315.1,2.47,0.01
21/10/2022 09:32:51,20/10/2022,Thursday,27484.93,169.83,0.62
22/10/2022 09:29:11,21/10/2022,Friday,27257.2,-227.73,-0.83
22/10/2022 09:29:38,22/10/2022,Saturday,27257.2,0,0
22/10/2022 09:29:57,23/10/2022,Sunday,27257.2,0,0
25/10/2022 15:56:31,24/10/2022,Monday,27257.2,0,0
26/10/2022 15:31:10,25/10/2022,Tuesday,27369.22,112.02,0.41
27/10/2022 17:30:00,26/10/2022,Wednesday,27369.22,0,0
28/10/2022 10:51:22,27/10/2022,Thursday,28463.43,94.23,0.34
29/10/2022 09:54:15,28/10/2022,Friday,28437.66,-25.77,-0.09
29/10/2022 09:54:46,29/10/2022,Saturday,28437.66,0,0
29/10/2022 09:55:09,30/10/2022,Sunday,28437.66,0,0
01/11/2022 17:18:48,31/10/2022,Monday,28726.26,288.6,1.01
02/11/2022 09:26:55,01/11/2022,Tuesday,28968.91,242.65,0.84
03/11/2022 10:17:46,02/11/2022,Wednesday,28909.64,-59.27,-0.2
04/11/2022 10:25:06,03/11/2022,Thursday,28884.86,-24.78,-0.09
05/11/2022 07:16:17,04/11/2022,Friday,29051.74,166.88,0.58
05/11/2022 07:16:40,05/11/2022,Saturday,29051.74,0,0
05/11/2022 07:17:00,06/11/2022,Sunday,29051.74,0,0
08/11/2022 08:04:04,07/11/2022,Monday,29103.09,51.35,0.18
09/11/2022 16:54:33,08/11/2022,Tuesday,29103.09,51.35,0.18
11/11/2022 08:09:28,09/11/2022,Wednesday,29112.23,9.14,0.031
11/11/2022 08:13:08,10/11/2022,Thursday,28785.7,-326.54,-1.12
12/11/2022 10:31:03,11/11/2022,Friday,28980.55,194.85,0.68
12/11/2022 10:31:28,12/11/2022,Saturday,28980.55,0,0
12/11/2022 10:31:47,13/11/2022,Sunday,28980.55,0,0
15/11/2022 18:02:34,14/11/2022,Monday,29002.58,22.03,0.08
16/11/2022 08:52:24,15/11/2022,Tuesday,28996.12,-6.46,-0.02
19/11/2022 11:40:49,16/11/2022,Wednesday,28838.27,-157.85,-0.54
19/11/2022 13:56:34,17/11/2022,Thursday,28665.43,-172.84,-0.6
19/11/2022 14:49:36,18/11/2022,Friday,28599.61,-65.81,-0.23
19/11/2022 14:50:10,19/11/2022,Saturday,28599.61,0,0
19/11/2022 14:50:44,20/11/2022,Sunday,28599.61,0,0
22/11/2022 12:53:31,21/11/2022,Monday,28396.82,-202.8,-0.71
23/11/2022 12:36:26,22/11/2022,Tuesday,28554.16,157.34,0.55
24/11/2022 08:30:25,23/11/2022,Wednesday,28643.03,88.87,0.31
26/11/2022 07:10:51,24/11/2022,Thursday,29790.38,147.38,0.51
26/11/2022 07:11:43,25/11/2022,Friday,29905.29,114.91,0.39
26/11/2022 07:12:25,26/11/2022,Saturday,29905.29,0,0
26/11/2022 07:12:47,27/11/2022,Sunday,29905.29,0,0
29/11/2022 08:54:01,28/11/2022,Monday,30049.81,144.52,0.48
30/11/2022 16:24:41,29/11/2022,Tuesday,30031.83,-17.98,-0.06
01/12/2022 19:25:08,30/11/2022,Wednesday,30204.42,172.59,0.57
02/12/2022 10:14:32,01/12/2022,Thursday,30380.89,179.47,0.58
03/12/2022 10:08:57,02/12/2022,Friday,30376.49,-4.41,-0.01
03/12/2022 10:09:18,03/12/2022,Saturday,30376.49,0,0
03/12/2022 10:09:39,04/12/2022,Sunday,30376.49,0,0
06/12/2022 08:22:31,05/12/2022,Monday,30468.44,91.95,0.3
07/12/2022 07:21:45,06/12/2022,Tuesday,30444.41,-24.03,-0.08
09/12/2022 07:50:30,07/12/2022,Wednesday,30307.9,-136.51,-0.45
09/12/2022 07:51:29,08/12/2022,Thursday,30374.65,66.75,0.22
10/12/2022 08:22:26,09/12/2022,Friday,30193.73,-180.92,-0.6
10/12/2022 08:23:20,10/12/2022,Saturday,30193.73,0,0
10/12/2022 08:23:41,11/12/2022,Sunday,30193.73,0,0
13/12/2022 07:48:05,12/12/2022,Monday,30294.94,101.21,0.34
16/12/2022 08:29:23,13/12/2022,Tuesday,30484.57,189.63,0.63
16/12/2022 08:30:56,14/12/2022,Wednesday,30656.87,172.3,0.56
16/12/2022 08:31:51,15/12/2022,Thursday,30261.74,-395.13,-1.29
21/12/2022 17:00:37,16/12/2022,Friday,29845.04,-416.7,-1.37
21/12/2022 17:01:11,17/12/2022,Saturday,29845.04,0,0
21/12/2022 17:01:27,18/12/2022,Sunday,29845.04,0,0
21/12/2022 17:04:08,19/12/2022,Monday,30117.78,272.74,0.91
21/12/2022 17:05:16,20/12/2022,Tuesday,30040.78,-77,-0.26
22/12/2022 14:09:19,21/12/2022,Wednesday,29526.71,-514.07,-1.17
23/12/2022 08:03:17,22/12/2022,Thursday,29285.01,-241.7,-0.82
25/12/2022 11:24:52,23/12/2022,Friday,28366.31,-918.7,-3.14
25/12/2022 11:25:15,24/12/2022,Saturday,28366.31,0,0
25/12/2022 11:25:30,25/12/2022,Sunday,28366.31,0,0
29/12/2022 16:01:34,26/12/2022,Monday,29482.52,616.21,2.17
28/12/2022 15:24:06,27/12/2022,Tuesday,29747.05,264.53,0.9
29/12/2022 15:58:05,28/12/2022,Wednesday,29749.16,2.11,0.01
30/12/2022 12:25:46,29/12/2022,Thursday,29851.25,102.1,0.34
04/01/2023 23:24:20,30/12/2022,Friday,29978.84,-127.59,-0.42
04/01/2023 23:25:38,31/12/2022,Saturday,29978.84,0,0
09/01/2023 09:24:26,01/01/2023,Sunday,29978.84,0,0
09/01/2023 09:25:49,01/01/2023,Monday,30037.14,185.89,0.61
09/01/2023 09:27:39,03/01/2023,Tuesday,30134.71,97.57,0.32
09/01/2023 09:42:03,04/01/2023,Wednesday,29905.23,-228.88,-0.76
09/01/2023 09:43:43,05/01/2023,Thursday,30134.43,229.2,0.76
09/01/2023 09:45:40,06/01/2023,Friday,29873.2,-261.23,-0.87
09/01/2023 09:46:07,07/01/2023,Saturday,29873.2,0,0
09/01/2023 09:46:49,08/01/2023,Sunday,29873.2,0,0
10/01/2023 11:05:42,09/01/2023,Monday,30178.16,304.96,1.02
11/01/2023 14:33:52,10/01/2023,Tuesday,29907.72,-270.44,-0.9
12/01/2023 08:03:12,11/01/2023,Wednesday,29866.52,-41.2,-0.14
13/01/2023 22:35:31,12/01/2023,Thursday,29808.49,-58.03,-0.19
24/01/2023 11:36:34,13/01/2023,Friday,30004.85,196.36,0.66
25/01/2023 18:20:52,14/01/2023,Saturday,30004.85,0,0
25/01/2023 18:21:18,15/01/2023,Sunday,30004.85,0,0
25/01/2023 19:27:28,16/01/2023,Monday,29887.87,-116.87,-0.38
25/01/2023 19:39:19,17/01/2023,Tuesday,29941.42,53.44,0.17
25/01/2023 19:40:23,18/01/2023,Wednesday,30055.64,114.22,0.38
25/01/2023 19:42:41,19/01/2023,Thursday,29908.23,-147.41,-0.49
25/01/2023 19:44:10,20/01/2023,Saturday,29802.22,-106.01,-0.35
24/01/2023 11:28:56,21/01/2023,Saturday,29710.63,0,0
24/01/2023 11:29:26,22/01/2023,Sunday,29710.63,0,0
24/01/2023 11:27:37,23/01/2023,Monday,29794.16,83.53,0.28
25/01/2023 18:20:02,24/01/2023,Tuesday,29673.45,-120.7,-0.41